[{"model": "admin.logentry", "pk": 1, "fields": {"action_time": "2023-01-09T22:26:21.218Z", "user": 1, "content_type": 10, "object_id": "1", "object_repr": "Fantastika", "action_flag": 1, "change_message": "[{\"added\": {}}]"}}, {"model": "admin.logentry", "pk": 2, "fields": {"action_time": "2023-01-09T22:26:36.347Z", "user": 1, "content_type": 10, "object_id": "2", "object_repr": "Detektiv", "action_flag": 1, "change_message": "[{\"added\": {}}]"}}, {"model": "admin.logentry", "pk": 3, "fields": {"action_time": "2023-01-09T22:27:00.316Z", "user": 1, "content_type": 10, "object_id": "3", "object_repr": "Ilmiy", "action_flag": 1, "change_message": "[{\"added\": {}}]"}}, {"model": "admin.logentry", "pk": 4, "fields": {"action_time": "2023-01-09T22:27:15.959Z", "user": 1, "content_type": 10, "object_id": "4", "object_repr": "Bolalar uchun", "action_flag": 1, "change_message": "[{\"added\": {}}]"}}, {"model": "admin.logentry", "pk": 5, "fields": {"action_time": "2023-01-09T22:27:29.968Z", "user": 1, "content_type": 10, "object_id": "5", "object_repr": "Kattalar uchun", "action_flag": 1, "change_message": "[{\"added\": {}}]"}}, {"model": "admin.logentry", "pk": 6, "fields": {"action_time": "2023-01-09T22:27:42.059Z", "user": 1, "content_type": 10, "object_id": "6", "object_repr": "Kreminal detektiv", "action_flag": 1, "change_message": "[{\"added\": {}}]"}}, {"model": "admin.logentry", "pk": 7, "fields": {"action_time": "2023-01-09T22:27:54.741Z", "user": 1, "content_type": 10, "object_id": "7", "object_repr": "Komediya detektiv", "action_flag": 1, "change_message": "[{\"added\": {}}]"}}, {"model": "admin.logentry", "pk": 8, "fields": {"action_time": "2023-01-09T22:28:09.772Z", "user": 1, "content_type": 10, "object_id": "8", "object_repr": "hiha f1", "action_flag": 1, "change_message": "[{\"added\": {}}]"}}, {"model": "admin.logentry", "pk": 9, "fields": {"action_time": "2023-01-09T22:28:33.302Z", "user": 1, "content_type": 8, "object_id": "1", "object_repr": "O'zbekiston", "action_flag": 1, "change_message": "[{\"added\": {}}]"}}, {"model": "admin.logentry", "pk": 10, "fields": {"action_time": "2023-01-09T22:28:40.201Z", "user": 1, "content_type": 8, "object_id": "2", "object_repr": "Rossiya", "action_flag": 1, "change_message": "[{\"added\": {}}]"}}, {"model": "admin.logentry", "pk": 11, "fields": {"action_time": "2023-01-09T22:28:50.685Z", "user": 1, "content_type": 8, "object_id": "3", "object_repr": "Qozog'iston", "action_flag": 1, "change_message": "[{\"added\": {}}]"}}, {"model": "admin.logentry", "pk": 12, "fields": {"action_time": "2023-01-09T22:28:56.453Z", "user": 1, "content_type": 8, "object_id": "4", "object_repr": "Amireka", "action_flag": 1, "change_message": "[{\"added\": {}}]"}}, {"model": "admin.logentry", "pk": 13, "fields": {"action_time": "2023-01-09T22:29:11.461Z", "user": 1, "content_type": 8, "object_id": "4", "object_repr": "Amerika", "action_flag": 2, "change_message": "[{\"changed\": {\"fields\": [\"Nomi\"]}}]"}}, {"model": "admin.logentry", "pk": 14, "fields": {"action_time": "2023-01-09T22:29:40.836Z", "user": 1, "content_type": 7, "object_id": "1", "object_repr": "Doston Ergashov", "action_flag": 1, "change_message": "[{\"added\": {}}]"}}, {"model": "admin.logentry", "pk": 15, "fields": {"action_time": "2023-01-09T22:29:54.844Z", "user": 1, "content_type": 7, "object_id": "2", "object_repr": "G'aybulla Po'latov", "action_flag": 1, "change_message": "[{\"added\": {}}]"}}, {"model": "admin.logentry", "pk": 16, "fields": {"action_time": "2023-01-09T22:30:09.995Z", "user": 1, "content_type": 7, "object_id": "3", "object_repr": "Soatov Minutbek", "action_flag": 1, "change_message": "[{\"added\": {}}]"}}, {"model": "admin.logentry", "pk": 17, "fields": {"action_time": "2023-01-09T22:30:37.312Z", "user": 1, "content_type": 7, "object_id": "4", "object_repr": "Minutbekova Sekundoy", "action_flag": 1, "change_message": "[{\"added\": {}}]"}}, {"model": "admin.logentry", "pk": 18, "fields": {"action_time": "2023-01-09T22:31:18.684Z", "user": 1, "content_type": 7, "object_id": "5", "object_repr": "Ketganov Keldiyor", "action_flag": 1, "change_message": "[{\"added\": {}}]"}}, {"model": "admin.logentry", "pk": 19, "fields": {"action_time": "2023-01-09T22:31:49.964Z", "user": 1, "content_type": 9, "object_id": "1", "object_repr": "O'zbekcha", "action_flag": 1, "change_message": "[{\"added\": {}}]"}}, {"model": "admin.logentry", "pk": 20, "fields": {"action_time": "2023-01-09T22:32:02.147Z", "user": 1, "content_type": 9, "object_id": "2", "object_repr": "Qozoqcha", "action_flag": 1, "change_message": "[{\"added\": {}}]"}}, {"model": "admin.logentry", "pk": 21, "fields": {"action_time": "2023-01-09T22:32:06.897Z", "user": 1, "content_type": 9, "object_id": "3", "object_repr": "Ruscha", "action_flag": 1, "change_message": "[{\"added\": {}}]"}}, {"model": "admin.logentry", "pk": 22, "fields": {"action_time": "2023-01-09T22:32:12.394Z", "user": 1, "content_type": 9, "object_id": "4", "object_repr": "Ingilizcha", "action_flag": 1, "change_message": "[{\"added\": {}}]"}}, {"model": "admin.logentry", "pk": 23, "fields": {"action_time": "2023-01-09T22:36:02.641Z", "user": 1, "content_type": 11, "object_id": "1", "object_repr": "Book object (1)", "action_flag": 1, "change_message": "[{\"added\": {}}]"}}, {"model": "admin.logentry", "pk": 24, "fields": {"action_time": "2023-01-09T23:45:28.360Z", "user": 1, "content_type": 11, "object_id": "2", "object_repr": "Book object (2)", "action_flag": 1, "change_message": "[{\"added\": {}}]"}}, {"model": "admin.logentry", "pk": 25, "fields": {"action_time": "2023-01-10T00:09:25.665Z", "user": 1, "content_type": 11, "object_id": "2", "object_repr": "Book object (2)", "action_flag": 2, "change_message": "[{\"changed\": {\"fields\": [\"Content\"]}}]"}}, {"model": "admin.logentry", "pk": 26, "fields": {"action_time": "2023-01-10T00:11:02.592Z", "user": 1, "content_type": 11, "object_id": "2", "object_repr": "Super detektiv (2)", "action_flag": 2, "change_message": "[]"}}, {"model": "admin.logentry", "pk": 27, "fields": {"action_time": "2023-01-13T20:56:15.359Z", "user": 1, "content_type": 11, "object_id": "27", "object_repr": "Detektiv desa desin demasa katta ko'cha (27)", "action_flag": 1, "change_message": "[{\"added\": {}}]"}}, {"model": "admin.logentry", "pk": 28, "fields": {"action_time": "2023-01-13T21:25:27.079Z", "user": 1, "content_type": 11, "object_id": "28", "object_repr": "Mushuk oynaga qaraganda (28)", "action_flag": 1, "change_message": "[{\"added\": {}}]"}}, {"model": "admin.logentry", "pk": 29, "fields": {"action_time": "2023-01-19T17:38:47.152Z", "user": 1, "content_type": 11, "object_id": "29", "object_repr": "Qishda kishmish pishmasmish (29)", "action_flag": 1, "change_message": "[{\"added\": {}}]"}}, {"model": "admin.logentry", "pk": 30, "fields": {"action_time": "2023-01-19T17:59:59.397Z", "user": 1, "content_type": 11, "object_id": "30", "object_repr": "Mushuk oynaga qaraganda (30)", "action_flag": 1, "change_message": "[{\"added\": {}}]"}}, {"model": "admin.logentry", "pk": 31, "fields": {"action_time": "2023-01-19T20:44:08.519Z", "user": 1, "content_type": 11, "object_id": "28", "object_repr": "Mushuk oynaga qaraganda (28)", "action_flag": 2, "change_message": "[{\"changed\": {\"fields\": [\"Authors\"]}}]"}}, {"model": "auth.permission", "pk": 1, "fields": {"name": "Can add log entry", "content_type": 1, "codename": "add_logentry"}}, {"model": "auth.permission", "pk": 2, "fields": {"name": "Can change log entry", "content_type": 1, "codename": "change_logentry"}}, {"model": "auth.permission", "pk": 3, "fields": {"name": "Can delete log entry", "content_type": 1, "codename": "delete_logentry"}}, {"model": "auth.permission", "pk": 4, "fields": {"name": "Can view log entry", "content_type": 1, "codename": "view_logentry"}}, {"model": "auth.permission", "pk": 5, "fields": {"name": "Can add permission", "content_type": 2, "codename": "add_permission"}}, {"model": "auth.permission", "pk": 6, "fields": {"name": "Can change permission", "content_type": 2, "codename": "change_permission"}}, {"model": "auth.permission", "pk": 7, "fields": {"name": "Can delete permission", "content_type": 2, "codename": "delete_permission"}}, {"model": "auth.permission", "pk": 8, "fields": {"name": "Can view permission", "content_type": 2, "codename": "view_permission"}}, {"model": "auth.permission", "pk": 9, "fields": {"name": "Can add group", "content_type": 3, "codename": "add_group"}}, {"model": "auth.permission", "pk": 10, "fields": {"name": "Can change group", "content_type": 3, "codename": "change_group"}}, {"model": "auth.permission", "pk": 11, "fields": {"name": "Can delete group", "content_type": 3, "codename": "delete_group"}}, {"model": "auth.permission", "pk": 12, "fields": {"name": "Can view group", "content_type": 3, "codename": "view_group"}}, {"model": "auth.permission", "pk": 13, "fields": {"name": "Can add user", "content_type": 4, "codename": "add_user"}}, {"model": "auth.permission", "pk": 14, "fields": {"name": "Can change user", "content_type": 4, "codename": "change_user"}}, {"model": "auth.permission", "pk": 15, "fields": {"name": "Can delete user", "content_type": 4, "codename": "delete_user"}}, {"model": "auth.permission", "pk": 16, "fields": {"name": "Can view user", "content_type": 4, "codename": "view_user"}}, {"model": "auth.permission", "pk": 17, "fields": {"name": "Can add content type", "content_type": 5, "codename": "add_contenttype"}}, {"model": "auth.permission", "pk": 18, "fields": {"name": "Can change content type", "content_type": 5, "codename": "change_contenttype"}}, {"model": "auth.permission", "pk": 19, "fields": {"name": "Can delete content type", "content_type": 5, "codename": "delete_contenttype"}}, {"model": "auth.permission", "pk": 20, "fields": {"name": "Can view content type", "content_type": 5, "codename": "view_contenttype"}}, {"model": "auth.permission", "pk": 21, "fields": {"name": "Can add session", "content_type": 6, "codename": "add_session"}}, {"model": "auth.permission", "pk": 22, "fields": {"name": "Can change session", "content_type": 6, "codename": "change_session"}}, {"model": "auth.permission", "pk": 23, "fields": {"name": "Can delete session", "content_type": 6, "codename": "delete_session"}}, {"model": "auth.permission", "pk": 24, "fields": {"name": "Can view session", "content_type": 6, "codename": "view_session"}}, {"model": "auth.permission", "pk": 25, "fields": {"name": "Can add author", "content_type": 7, "codename": "add_author"}}, {"model": "auth.permission", "pk": 26, "fields": {"name": "Can change author", "content_type": 7, "codename": "change_author"}}, {"model": "auth.permission", "pk": 27, "fields": {"name": "Can delete author", "content_type": 7, "codename": "delete_author"}}, {"model": "auth.permission", "pk": 28, "fields": {"name": "Can view author", "content_type": 7, "codename": "view_author"}}, {"model": "auth.permission", "pk": 29, "fields": {"name": "Can add country", "content_type": 8, "codename": "add_country"}}, {"model": "auth.permission", "pk": 30, "fields": {"name": "Can change country", "content_type": 8, "codename": "change_country"}}, {"model": "auth.permission", "pk": 31, "fields": {"name": "Can delete country", "content_type": 8, "codename": "delete_country"}}, {"model": "auth.permission", "pk": 32, "fields": {"name": "Can view country", "content_type": 8, "codename": "view_country"}}, {"model": "auth.permission", "pk": 33, "fields": {"name": "Can add language", "content_type": 9, "codename": "add_language"}}, {"model": "auth.permission", "pk": 34, "fields": {"name": "Can change language", "content_type": 9, "codename": "change_language"}}, {"model": "auth.permission", "pk": 35, "fields": {"name": "Can delete language", "content_type": 9, "codename": "delete_language"}}, {"model": "auth.permission", "pk": 36, "fields": {"name": "Can view language", "content_type": 9, "codename": "view_language"}}, {"model": "auth.permission", "pk": 37, "fields": {"name": "Can add category", "content_type": 10, "codename": "add_category"}}, {"model": "auth.permission", "pk": 38, "fields": {"name": "Can change category", "content_type": 10, "codename": "change_category"}}, {"model": "auth.permission", "pk": 39, "fields": {"name": "Can delete category", "content_type": 10, "codename": "delete_category"}}, {"model": "auth.permission", "pk": 40, "fields": {"name": "Can view category", "content_type": 10, "codename": "view_category"}}, {"model": "auth.permission", "pk": 41, "fields": {"name": "Can add book", "content_type": 11, "codename": "add_book"}}, {"model": "auth.permission", "pk": 42, "fields": {"name": "Can change book", "content_type": 11, "codename": "change_book"}}, {"model": "auth.permission", "pk": 43, "fields": {"name": "Can delete book", "content_type": 11, "codename": "delete_book"}}, {"model": "auth.permission", "pk": 44, "fields": {"name": "Can view book", "content_type": 11, "codename": "view_book"}}, {"model": "auth.user", "pk": 1, "fields": {"password": "pbkdf2_sha256$390000$VoLeqDIK9ilVFw0CVvsGPW$wdLlt81kcGLhLIVtCxja4CiS3muu7ueuZL1fWBv31+M=", "last_login": "2023-01-13T21:19:48.885Z", "is_superuser": true, "username": "admin", "first_name": "", "last_name": "", "email": "", "is_staff": true, "is_active": true, "date_joined": "2023-01-09T22:10:18.247Z", "groups": [], "user_permissions": []}}, {"model": "contenttypes.contenttype", "pk": 1, "fields": {"app_label": "admin", "model": "logentry"}}, {"model": "contenttypes.contenttype", "pk": 2, "fields": {"app_label": "auth", "model": "permission"}}, {"model": "contenttypes.contenttype", "pk": 3, "fields": {"app_label": "auth", "model": "group"}}, {"model": "contenttypes.contenttype", "pk": 4, "fields": {"app_label": "auth", "model": "user"}}, {"model": "contenttypes.contenttype", "pk": 5, "fields": {"app_label": "contenttypes", "model": "contenttype"}}, {"model": "contenttypes.contenttype", "pk": 6, "fields": {"app_label": "sessions", "model": "session"}}, {"model": "contenttypes.contenttype", "pk": 7, "fields": {"app_label": "catalog", "model": "author"}}, {"model": "contenttypes.contenttype", "pk": 8, "fields": {"app_label": "catalog", "model": "country"}}, {"model": "contenttypes.contenttype", "pk": 9, "fields": {"app_label": "catalog", "model": "language"}}, {"model": "contenttypes.contenttype", "pk": 10, "fields": {"app_label": "catalog", "model": "category"}}, {"model": "contenttypes.contenttype", "pk": 11, "fields": {"app_label": "catalog", "model": "book"}}, {"model": "sessions.session", "pk": "1ympk0zb47cus3s5hc91cju4as0yoing", "fields": {"session_data": ".eJxVjDsOwjAQBe_iGlnxrj9ASc8ZIu9HOIBsKU4qxN0hUgpo38y8lxnzupRx7TqPk5izcebwu1Hmh9YNyD3XW7Pc6jJPZDfF7rTbaxN9Xnb376DkXr41hiMEZg9DikQQEYMHiCoSKCcnp5gH0YEpAaGAc8iAHNQxqXp05v0ByZs3pw:1pGRSm:l6SA0mgEkZ7RYp4Gn0FG9N28Lr7_fWKJPiLlm0njeWw", "expire_date": "2023-01-27T21:19:48.895Z"}}, {"model": "sessions.session", "pk": "nijm3awqtsz44ly38t1mv9m1b9xuylyn", "fields": {"session_data": ".eJxVjDsOwjAQBe_iGlnxrj9ASc8ZIu9HOIBsKU4qxN0hUgpo38y8lxnzupRx7TqPk5izcebwu1Hmh9YNyD3XW7Pc6jJPZDfF7rTbaxN9Xnb376DkXr41hiMEZg9DikQQEYMHiCoSKCcnp5gH0YEpAaGAc8iAHNQxqXp05v0ByZs3pw:1pF0MH:mp9UuXfSsDjz8UgJSo1HKbPYR_bNGZJ1wpN_U_CjpTw", "expire_date": "2023-01-23T22:11:09.858Z"}}, {"model": "catalog.author", "pk": 1, "fields": {"name": "Sten Li"}}, {"model": "catalog.author", "pk": 2, "fields": {"name": "Xudoyberdi To'xtaboyev"}}, {"model": "catalog.author", "pk": 3, "fields": {"name": "O'lmas Umarbekov"}}, {"model": "catalog.author", "pk": 4, "fields": {"name": "Abdulla Qodiriy"}}, {"model": "catalog.author", "pk": 5, "fields": {"name": "William Shekspir"}}, {"model": "catalog.author", "pk": 6, "fields": {"name": "Nashriyot"}}, {"model": "catalog.author", "pk": 7, "fields": {"name": "Toxir Malik"}}, {"model": "catalog.author", "pk": 8, "fields": {"name": "Xalq og'zaki ijodi"}}, {"model": "catalog.author", "pk": 9, "fields": {"name": "Artur Konan Doyl"}}, {"model": "catalog.author", "pk": 10, "fields": {"name": "Komil Sindorov"}}, {"model": "catalog.author", "pk": 11, "fields": {"name": "Lev Tolstoy"}}, {"model": "catalog.author", "pk": 12, "fields": {"name": "Aleksandr Pushkin"}}, {"model": "catalog.author", "pk": 13, "fields": {"name": "Anton Chexov"}}, {"model": "catalog.author", "pk": 14, "fields": {"name": "Jek London"}}, {"model": "catalog.author", "pk": 15, "fields": {"name": "Abdulla Qahhor"}}, {"model": "catalog.category", "pk": 1, "fields": {"parent": null, "name": "Detektiv"}}, {"model": "catalog.category", "pk": 2, "fields": {"parent": null, "name": "Bolalar adabiyoti"}}, {"model": "catalog.category", "pk": 3, "fields": {"parent": 2, "name": "Ertaklar"}}, {"model": "catalog.category", "pk": 4, "fields": {"parent": 2, "name": "Hikoyalar"}}, {"model": "catalog.category", "pk": 5, "fields": {"parent": 2, "name": "Tez aytish va Maqollar"}}, {"model": "catalog.category", "pk": 6, "fields": {"parent": 1, "name": "Kriminal"}}, {"model": "catalog.category", "pk": 7, "fields": {"parent": null, "name": "Fantastika"}}, {"model": "catalog.category", "pk": 8, "fields": {"parent": 7, "name": "Komikslar"}}, {"model": "catalog.category", "pk": 9, "fields": {"parent": 7, "name": "Qo'rqinchli"}}, {"model": "catalog.category", "pk": 10, "fields": {"parent": 1, "name": "Fantastik detektiv"}}, {"model": "catalog.category", "pk": 11, "fields": {"parent": 1, "name": "Psixologik detektiv"}}, {"model": "catalog.category", "pk": 12, "fields": {"parent": null, "name": "Darsliklar"}}, {"model": "catalog.category", "pk": 13, "fields": {"parent": 12, "name": "Adabiyot"}}, {"model": "catalog.category", "pk": 14, "fields": {"parent": 12, "name": "Matematika"}}, {"model": "catalog.category", "pk": 15, "fields": {"parent": 12, "name": "Fizika"}}, {"model": "catalog.language", "pk": 1, "fields": {"name": "O'zbekcha"}}, {"model": "catalog.language", "pk": 2, "fields": {"name": "Русский"}}, {"model": "catalog.language", "pk": 3, "fields": {"name": "English"}}, {"model": "catalog.language", "pk": 4, "fields": {"name": "Ingilizcha"}}, {"model": "catalog.country", "pk": 1, "fields": {"name": "O'zbekiston"}}, {"model": "catalog.country", "pk": 2, "fields": {"name": "Rossiya"}}, {"model": "catalog.country", "pk": 3, "fields": {"name": "Amerika"}}, {"model": "catalog.country", "pk": 4, "fields": {"name": "Amerika"}}, {"model": "catalog.book", "pk": 1, "fields": {"category": 10, "language": 3, "country": 3, "name": "Sherlok Xolms", "content": "Content abput Sherlok Xolms", "photo": "books/Sherlok.jpg", "price": "400000.00", "status": 1, "rating_stars": 50, "rating_count": 10, "avialability": true, "read": 153, "reading": 45, "will_read": 88, "publish_year": 1998, "added_at": "2022-01-11T10:01:25.125Z", "updated_at": "2023-01-11T10:27:27.763Z", "authors": [9]}}, {"model": "catalog.book", "pk": 2, "fields": {"category": 10, "language": 3, "country": 3, "name": "The Lost World", "content": "The Lost World Content", "photo": "books/last.jpg", "price": "350000.00", "status": 0, "rating_stars": 40, "rating_count": 8, "avialability": true, "read": 52, "reading": 18, "will_read": 66, "publish_year": 1995, "added_at": "2023-01-11T10:07:39.159Z", "updated_at": "2023-01-11T10:07:39.159Z", "authors": [9]}}, {"model": "catalog.book", "pk": 3, "fields": {"category": 11, "language": 3, "country": 3, "name": "The adventures of Sherlock", "content": "The adventures of Sherlock", "photo": "books/The_adventures_of_Sherlock.jpg", "price": "520000.00", "status": 1, "rating_stars": 60, "rating_count": 15, "avialability": true, "read": 580, "reading": 120, "will_read": 320, "publish_year": 1990, "added_at": "2022-01-11T10:09:51.181Z", "updated_at": "2023-01-11T10:09:51.181Z", "authors": [9]}}, {"model": "catalog.book", "pk": 4, "fields": {"category": 11, "language": 1, "country": 1, "name": "Sariq Devni Minib", "content": "Sariq Devni Minib", "photo": "books/Sariq_Devni_Minib.jpg", "price": "55000.00", "status": 1, "rating_stars": 60, "rating_count": 20, "avialability": false, "read": 654, "reading": 321, "will_read": 123, "publish_year": 2009, "added_at": "2023-01-11T10:11:30.608Z", "updated_at": "2023-01-11T10:11:30.608Z", "authors": [2]}}, {"model": "catalog.book", "pk": 5, "fields": {"category": 3, "language": 1, "country": 1, "name": "O'zbek xalq ertaklari", "content": "O'zbek xalq ertaklari", "photo": "books/Ozbek_xalq_ertaklari.jpg", "price": "85000.00", "status": 0, "rating_stars": 900, "rating_count": 490, "avialability": true, "read": 0, "reading": 456, "will_read": 654, "publish_year": 2021, "added_at": "2023-01-11T10:19:02.882Z", "updated_at": "2023-01-12T04:29:53.193Z", "authors": [8]}}, {"model": "catalog.book", "pk": 6, "fields": {"category": 4, "language": 1, "country": 1, "name": "Anor", "content": "Anor", "photo": "books/Anor.jpg", "price": "65000.00", "status": 2, "rating_stars": 550, "rating_count": 110, "avialability": true, "read": 0, "reading": 1234, "will_read": 522, "publish_year": 2015, "added_at": "2023-01-11T10:21:07.446Z", "updated_at": "2023-01-12T04:28:10.180Z", "authors": [15]}}, {"model": "catalog.book", "pk": 7, "fields": {"category": 6, "language": 1, "country": 1, "name": "Urush farzandi", "content": "Urush farzandi", "photo": "books/Urush_farzandi.jpg", "price": "65000.00", "status": 0, "rating_stars": 50, "rating_count": 10, "avialability": true, "read": 85, "reading": 45, "will_read": 65, "publish_year": 1985, "added_at": "2023-01-11T10:23:15.240Z", "updated_at": "2023-01-11T10:23:15.240Z", "authors": [3]}}, {"model": "catalog.book", "pk": 8, "fields": {"category": 6, "language": 1, "country": 1, "name": "Temuriylar kutubxionasining siri", "content": "Temuriylar kutubxionasining siri", "photo": "books/Temuriylar_kutubxionasining_siri.png", "price": "125000.00", "status": 1, "rating_stars": 100, "rating_count": 50, "avialability": true, "read": 85, "reading": 45, "will_read": 12, "publish_year": 1995, "added_at": "2023-01-11T10:24:48.642Z", "updated_at": "2023-01-11T10:24:48.642Z", "authors": [10]}}, {"model": "catalog.book", "pk": 9, "fields": {"category": 3, "language": 1, "country": 1, "name": "Ertaklar yaxshilikka yetaklar", "content": "Ertaklar yaxshilikka yetaklar", "photo": "books/Ertaklar_yaxshilikka_yetaklar.jpeg", "price": "60000.00", "status": 0, "rating_stars": 9000, "rating_count": 2000, "avialability": true, "read": 654278, "reading": 1224, "will_read": 224, "publish_year": 2015, "added_at": "2023-01-11T10:29:53.682Z", "updated_at": "2023-01-12T04:52:35.416Z", "authors": [8]}}, {"model": "catalog.book", "pk": 10, "fields": {"category": 4, "language": 1, "country": 1, "name": "O'tmishdan ertaklar", "content": "O'tmishdan ertaklar", "photo": "books/Otmishdan_ertaklar.jpg", "price": "50000.00", "status": 1, "rating_stars": 300, "rating_count": 60, "avialability": true, "read": 520, "reading": 120, "will_read": 652, "publish_year": 2005, "added_at": "2023-01-11T10:32:15.991Z", "updated_at": "2023-01-12T05:53:19.729Z", "authors": [15]}}, {"model": "catalog.book", "pk": 11, "fields": {"category": 11, "language": 2, "country": 2, "name": "Капитанская дочка", "content": "Капитанская дочка", "photo": "books/Капитанская_дочка.jpg", "price": "250000.00", "status": 1, "rating_stars": 2500, "rating_count": 1200, "avialability": true, "read": 6520, "reading": 1250, "will_read": 657, "publish_year": 2005, "added_at": "2023-01-11T10:35:45.508Z", "updated_at": "2023-01-12T05:53:39.258Z", "authors": [12]}}, {"model": "catalog.book", "pk": 12, "fields": {"category": 8, "language": 3, "country": 3, "name": "Spider Man", "content": "Spider Man", "photo": "books/Spider_Man.jpg", "price": "120000.00", "status": 1, "rating_stars": 900, "rating_count": 200, "avialability": true, "read": 1350, "reading": 1250, "will_read": 3000, "publish_year": 2005, "added_at": "2023-01-11T10:37:06.572Z", "updated_at": "2023-01-12T05:53:28.217Z", "authors": [1]}}, {"model": "catalog.book", "pk": 13, "fields": {"category": 8, "language": 3, "country": 3, "name": "Thor", "content": "Thor", "photo": "books/Thor.jpg", "price": "150000.00", "status": 1, "rating_stars": 520, "rating_count": 120, "avialability": false, "read": 650, "reading": 320, "will_read": 125, "publish_year": 2023, "added_at": "2023-01-11T10:38:30.894Z", "updated_at": "2023-01-12T04:20:50.839Z", "authors": [1]}}, {"model": "catalog.book", "pk": 14, "fields": {"category": 3, "language": 2, "country": 2, "name": "Сказка о царе Салтане", "content": "Сказка о царе Салтане", "photo": "books/Сказка_о_царе_Салтане.jpg", "price": "135000.00", "status": 2, "rating_stars": 1350, "rating_count": 350, "avialability": true, "read": 4521, "reading": 521, "will_read": 452, "publish_year": 1831, "added_at": "2023-01-11T10:40:27.397Z", "updated_at": "2023-01-11T10:40:27.397Z", "authors": [12]}}, {"model": "catalog.book", "pk": 15, "fields": {"category": 4, "language": 1, "country": 1, "name": "odam Bo'lish Qiyin", "content": "Odam Bo'lish Qiyin", "photo": "books/Odam_Bolish_qiyin.jpg", "price": "68000.00", "status": 1, "rating_stars": 60, "rating_count": 12, "avialability": true, "read": 80, "reading": 30, "will_read": 25, "publish_year": 1962, "added_at": "2023-01-11T10:42:40.481Z", "updated_at": "2023-01-11T10:42:40.481Z", "authors": [3]}}, {"model": "catalog.book", "pk": 16, "fields": {"category": 9, "language": 3, "country": 3, "name": "Romeo and Juliet", "content": "Romeo and Juliet", "photo": "books/Romeo_and_Juliet.jpg", "price": "650000.00", "status": 2, "rating_stars": 5500, "rating_count": 1100, "avialability": true, "read": 9000, "reading": 6500, "will_read": 3250, "publish_year": 1597, "added_at": "2023-01-11T10:46:12.751Z", "updated_at": "2023-01-11T10:46:12.751Z", "authors": [5]}}, {"model": "catalog.book", "pk": 17, "fields": {"category": 13, "language": 1, "country": 1, "name": "Adabiyot 9", "content": "Adabiyot 9", "photo": "books/Adabiyot_9.jpg", "price": "30000.00", "status": 1, "rating_stars": 10, "rating_count": 3, "avialability": false, "read": 30, "reading": 12, "will_read": 0, "publish_year": 2018, "added_at": "2022-01-11T10:47:45.399Z", "updated_at": "2023-01-11T10:47:45.399Z", "authors": [6]}}, {"model": "catalog.book", "pk": 18, "fields": {"category": 13, "language": 1, "country": 1, "name": "Adabiyot 10", "content": "Adabiyot 10", "photo": "books/Adabiyot_10.jpg", "price": "35000.00", "status": 1, "rating_stars": 25, "rating_count": 6, "avialability": true, "read": 25, "reading": 12, "will_read": 2, "publish_year": 2019, "added_at": "2023-01-11T10:48:54.010Z", "updated_at": "2023-01-11T10:48:54.010Z", "authors": [6]}}, {"model": "catalog.book", "pk": 19, "fields": {"category": 14, "language": 1, "country": 1, "name": "Matematika 6", "content": "Matematika 6", "photo": "books/Matematika_6.jpg", "price": "35000.00", "status": 1, "rating_stars": 125, "rating_count": 30, "avialability": false, "read": 0, "reading": 25, "will_read": 65, "publish_year": 2019, "added_at": "2023-01-11T10:50:12.364Z", "updated_at": "2023-01-12T04:29:20.152Z", "authors": [6]}}, {"model": "catalog.book", "pk": 20, "fields": {"category": 14, "language": 1, "country": 1, "name": "Matematika 5", "content": "Matematika 5", "photo": "books/Matematika_5.jpg", "price": "30000.00", "status": 2, "rating_stars": 52, "rating_count": 20, "avialability": true, "read": 30, "reading": 15, "will_read": 5, "publish_year": 2019, "added_at": "2023-01-11T10:51:35.475Z", "updated_at": "2023-01-12T04:28:22.189Z", "authors": [6]}}, {"model": "catalog.book", "pk": 21, "fields": {"category": 15, "language": 1, "country": 1, "name": "Fizika 7", "content": "Fizika 7", "photo": "books/Fizika_7.jpg", "price": "35000.00", "status": 1, "rating_stars": 650, "rating_count": 200, "avialability": true, "read": 125, "reading": 25, "will_read": 60, "publish_year": 2019, "added_at": "2023-01-11T10:53:04.923Z", "updated_at": "2023-01-11T10:53:04.923Z", "authors": [6]}}, {"model": "catalog.book", "pk": 22, "fields": {"category": 10, "language": 1, "country": 1, "name": "Mehrobdan Chayon", "content": "Mehrobdan Chayon", "photo": "books/Mehrobdan_Chayon.jpg", "price": "120000.00", "status": 1, "rating_stars": 650, "rating_count": 150, "avialability": true, "read": 850, "reading": 520, "will_read": 650, "publish_year": 1928, "added_at": "2023-01-11T10:54:43.490Z", "updated_at": "2023-01-11T10:54:43.491Z", "authors": [4]}}, {"model": "catalog.book", "pk": 23, "fields": {"category": 6, "language": 1, "country": 1, "name": "Shaytanat", "content": "Shaytanat", "photo": "books/Shaytanat.jpg", "price": "150000.00", "status": 1, "rating_stars": 520, "rating_count": 130, "avialability": true, "read": 750, "reading": 350, "will_read": 125, "publish_year": 1994, "added_at": "2023-01-11T10:57:26.794Z", "updated_at": "2023-01-11T10:57:26.795Z", "authors": [7]}}, {"model": "catalog.book", "pk": 24, "fields": {"category": 9, "language": 3, "country": 3, "name": "The Sea Wolf", "content": "The Sea Wolf", "photo": "books/The_Sea_Wolf.jpg", "price": "250000.00", "status": 1, "rating_stars": 350, "rating_count": 90, "avialability": true, "read": 350, "reading": 125, "will_read": 325, "publish_year": 1904, "added_at": "2022-01-11T10:59:17.276Z", "updated_at": "2023-01-11T10:59:17.276Z", "authors": [14]}}, {"model": "catalog.book", "pk": 25, "fields": {"category": 9, "language": 2, "country": 2, "name": "Хамелеон", "content": "Хамелеон", "photo": "books/Хамелеон.jpg", "price": "250000.00", "status": 1, "rating_stars": 850, "rating_count": 300, "avialability": true, "read": 600, "reading": 250, "will_read": 125, "publish_year": 1884, "added_at": "2023-01-11T11:07:20.883Z", "updated_at": "2023-01-12T04:52:48.018Z", "authors": [13]}}, {"model": "catalog.book", "pk": 26, "fields": {"category": 1, "language": 2, "country": 2, "name": "Война и мир", "content": "Война и мир", "photo": "books/Война_и_мир.jpg", "price": "350000.00", "status": 1, "rating_stars": 350, "rating_count": 120, "avialability": true, "read": 350, "reading": 125, "will_read": 20, "publish_year": 1805, "added_at": "2023-01-11T11:09:19.240Z", "updated_at": "2023-01-11T11:09:19.240Z", "authors": [11]}}, {"model": "catalog.book", "pk": 27, "fields": {"category": 1, "language": 1, "country": 1, "name": "Detektiv desa desin demasa katta ko'cha", "content": "He-he-he kulgilimi :)", "photo": "books/Rectangle_7.1.png", "price": "120000.00", "status": 1, "rating_stars": 400, "rating_count": 80, "avialability": true, "read": 30, "reading": 50, "will_read": 60, "publish_year": 2022, "added_at": "2023-01-13T20:56:15.339Z", "updated_at": "2023-01-13T20:56:15.339Z", "authors": [1]}}, {"model": "catalog.book", "pk": 28, "fields": {"category": 8, "language": 4, "country": 1, "name": "Mushuk oynaga qaraganda", "content": "He-he-he buyam kulgilimi?)", "photo": "books/Rectangle_20.png", "price": "50000.00", "status": 1, "rating_stars": 50, "rating_count": 10, "avialability": true, "read": 100, "reading": 50, "will_read": 300, "publish_year": 2023, "added_at": "2023-01-13T21:25:27.071Z", "updated_at": "2023-01-19T20:44:08.493Z", "authors": [1, 2]}}, {"model": "catalog.book", "pk": 29, "fields": {"category": 4, "language": 3, "country": 1, "name": "Qishda kishmish pishmasmish", "content": "shuni contenti tunvoluvrasla", "photo": "books/Rectangle_7.1_KVhFRxZ.png", "price": "1200000.00", "status": 1, "rating_stars": 100, "rating_count": 20, "avialability": false, "read": 500, "reading": 500, "will_read": 500, "publish_year": 2012, "added_at": "2023-01-19T17:38:47.120Z", "updated_at": "2023-01-19T17:38:47.120Z", "authors": [1, 2]}}, {"model": "catalog.book", "pk": 30, "fields": {"category": 9, "language": 2, "country": 3, "name": "Mushuk oynaga qaraganda", "content": "shuni contenti", "photo": "books/handsome-man-shaving-beard-barbershop_1303-26261.png", "price": "3200000.00", "status": 1, "rating_stars": 40, "rating_count": 10, "avialability": false, "read": 30, "reading": 200, "will_read": 12, "publish_year": null, "added_at": "2023-01-19T17:59:59.369Z", "updated_at": "2023-01-19T17:59:59.369Z", "authors": [3]}}]